{
    "config": {
      "apiKey": "YOUR_API_KEY",
      "authDomain": "YOUR_AUTH_DOMAIN",
      "databaseURL": "YOUR_DATABASE_URL",
      "projectId": "YOUR_PROJECT_ID",
      "storageBucket": "YOUR_STORAGE_BUCKET",
      "messagingSenderId": "YOUR_SENDER_ID",
      "appId": "YOUR_APP_ID"
    },
    "firebaseConnection": {
      "initializeApp": true,
      "firebaseConfig": {
        "apiKey": "YOUR_API_KEY",
        "authDomain": "YOUR_AUTH_DOMAIN",
        "databaseURL": "YOUR_DATABASE_URL",
        "projectId": "YOUR_PROJECT_ID",
        "storageBucket": "YOUR_STORAGE_BUCKET",
        "messagingSenderId": "YOUR_SENDER_ID",
        "appId": "YOUR_APP_ID"
      },
      "databaseRefs": {
        "roomsRef": "Rooms",
        "accountsRef": "Accounts"
      }
    }
  }


  